time,lambda_1,lambda_2,lambda_3
0.5,5.416151992933546,2.775391349859958,-27.185134522818934
1.0,1.1192357894445852,3.005309561205803,-25.33542247208989
1.5,2.543174558991185,0.47307468878961273,-23.98639057683073
2.0,1.7978338084255352,0.754871149629833,-23.32444989921639
2.5,1.8744597028822334,0.25009683924626475,-22.861167276181227
3.0,1.6358527544386494,0.4077767586759064,-22.585534183913683
3.5,1.5883847030430815,-0.039530182022462626,-22.19919914630018
4.0,1.185402661878128,0.5019692932367796,-22.008041652375464
4.5,1.3143994715892338,0.13068111926458453,-22.11581588860719
5.0,1.4021261626109767,0.08117008497668071,-21.984127045223243
5.5,1.0148592735432147,0.13783694816393308,-21.735990557421403
6.0,0.9442241718739878,0.3581175297394912,-21.589338606257993
6.5,1.0225827785334654,0.15652290907484454,-21.750763552901706
7.0,1.0547181204173666,0.1405086858047708,-21.662077648002544
7.5,0.8548741361570147,0.27860200914706695,-21.574590216418095
8.0,1.0302831448866026,0.1663580024984914,-21.481028069333725
8.5,0.89122714977996,0.012153963619982085,-21.262920418781114
9.0,0.863170796252566,0.17342847322087707,-21.137788070265888
9.5,0.8052247148592128,0.16548238529174142,-21.304797471609838
10.0,0.9969583155748166,-0.02633174386639503,-21.245776305140975
10.5,0.9023359343807197,0.09385371665895915,-21.1859960413724
11.0,1.0059648782658024,-0.03104103840357805,-21.133720115195214
11.5,0.9843601471151556,0.046165752047475264,-21.073066743143585
12.0,1.0004916356321705,-0.08589273573288274,-20.997279713588448
12.5,0.8420679490134078,0.18096198749896383,-20.92084032625611
13.0,0.938790418913512,-0.014286270762277082,-20.987596781213973
13.5,1.0056309110610788,0.004155902842329827,-21.01077919151774
14.0,0.8832795502021308,0.1446080401720829,-21.00761616494382
14.5,0.98032098146497,0.11603960063913145,-21.00398352540324
15.0,0.9467895951639157,0.12469255381866583,-21.00806600491671
15.5,0.9329563157609645,0.1742451145501875,-20.967462677669623
16.0,0.9209753399804534,0.07572519891168608,-20.941096030215082
16.5,0.9798634681742707,0.11517370625816514,-21.037782002297902
17.0,0.938088999736808,0.14564699976838966,-21.037098586626318
17.5,0.9520663367138715,0.11548180374661762,-21.02532937867066
18.0,0.9479744110530637,0.07216732021587717,-20.99360876788028
18.5,0.9081264039164542,0.06551536119382338,-20.9822187948256
19.0,0.8905788752667001,0.06258707545159319,-20.965893187979013
19.5,0.9030122725514251,0.019348297351512497,-20.99676925802671
20.0,0.9039014857466985,0.03921022163816733,-21.02662778332192
20.5,0.8943918984841183,0.05501193330151751,-21.049679698310605
21.0,0.9140480863427071,0.07762188554129394,-21.093493408560693
21.5,0.8712862949163079,0.044332353560821505,-21.048002745591866
22.0,0.8715228053261964,0.09308541389240665,-21.081318853094857
22.5,0.8245348982181685,0.116894039828705,-21.123836876206884
23.0,0.9013860286910594,0.046919309797791055,-21.135804708067106
23.5,0.862484288288255,0.07914147378669352,-21.13944973850992
24.0,0.9034845010489542,0.049959599737092054,-21.148933339729656
24.5,0.8850625774974836,0.03712346240037588,-21.136384400656045
25.0,0.8952923336945442,0.05445647341079235,-21.141500160929837
25.5,0.872531199251626,0.03335849479000379,-21.146457191444892
26.0,0.9110538332619936,0.023953604252160348,-21.14590648447522
26.5,0.7828163164354959,0.11726776848953079,-21.163143550131327
27.0,0.8951306708146463,0.029956506853112522,-21.15933439588004
27.5,0.854602591790434,0.01540838496457154,-21.14602373233112
28.0,0.8770280724808485,0.02695474337903839,-21.133601700514173
28.5,0.7810408741445981,0.10085532251585559,-21.172473514209653
29.0,0.8685837411329824,0.02523688545494254,-21.164926323760998
29.5,0.8406185987707115,0.029051705740840088,-21.148939503838545
30.0,0.8232493446423821,0.07489067898312154,-21.13169470687347
30.5,0.8465807962721417,0.012099864707799602,-21.136483073781097
31.0,0.8426959477612903,0.047790411500327264,-21.113720607386693
31.5,0.8164719438559046,0.04588183896675604,-21.136899728423277
32.0,0.8584474982631045,0.028468352301879135,-21.116606960136423
32.5,0.794697471394205,0.025472506701111043,-21.080780304436832
33.0,0.8543668680917664,0.0036391119134472822,-21.04862027241963
33.5,0.8163979723772556,0.025011290100398473,-21.096192946874506
34.0,0.8432523947084085,0.0019737313781336076,-21.081296529227878
34.5,0.8438815619650782,0.0086643414448682,-21.06568346187001
35.0,0.8560177895807434,-0.001672012337234855,-21.05113099615042
35.5,0.8601783746807291,0.0075988552295730896,-21.036033478271815
36.0,0.8650848984027683,-0.002380314856529575,-21.024602996886966
36.5,0.8657305550851085,0.027427456101176355,-21.01188788846252
37.0,0.8653575148704497,-0.009334608421376591,-20.99703639795114
37.5,0.8595099801742507,0.008523798854687998,-20.95065080406041
38.0,0.8395188553003141,-0.04053766998466016,-20.93449166857586
38.5,0.7827362864028797,0.08147601923778636,-20.989712186521707
39.0,0.8342631491294736,0.049131284818578556,-20.991120338642233
39.5,0.8227110215460482,0.06289569780828119,-20.993446743523887
40.0,0.8361871187009106,0.058426394666869885,-20.990416059991396
40.5,0.8322539261034689,0.04693902413034197,-20.985901254940316
41.0,0.8236443929123367,0.03812414151400411,-20.97189120502141
41.5,0.7918183580802254,0.03408976717186628,-20.94363481648272
42.0,0.8184367079604926,0.03670893305705773,-20.99463458918983
42.5,0.8166722796926594,0.025038429909959508,-20.984989843812286
43.0,0.8175342200524582,0.006262167792311009,-20.97217890792244
43.5,0.8215029654066042,0.022007546464934268,-20.9950585674832
44.0,0.817206921901845,0.027301743177539296,-21.003543547039556
44.5,0.827456531510516,0.038009907373313806,-21.023909623197433
45.0,0.8057029689565913,0.009284324337246587,-20.988912495036008
45.5,0.7827112639264595,0.05711516341732274,-21.00490021177108
46.0,0.7830699227801776,0.04809747741905755,-21.029370212040693
46.5,0.8138023322726041,0.017913676517604747,-21.03419380030147
47.0,0.7901599044745373,0.04638943962147967,-21.040173633264153
47.5,0.8141569949574265,0.017024088781822114,-21.04076849763509
48.0,0.8081619818814492,0.03264457764907009,-21.045743877600525
48.5,0.813551748287039,-0.006433510409147033,-21.026027649905778
49.0,0.7667592896591194,0.059460485331501015,-21.026672657533194
49.5,0.799122564900612,0.017611276738242965,-21.05151402928103
50.0,0.8169220225563312,0.0027785307405580185,-21.05211715569901
50.5,0.7818949469185982,0.03523141233366365,-21.050569143385665
51.0,0.8103576438667218,0.013834175558315865,-21.04941963408233
51.5,0.8011137204937462,0.009197050212264555,-21.041980568606977
52.0,0.7918454080064159,0.03495487276815931,-21.03564435344536
52.5,0.8014529740875215,0.004393143000871546,-21.040882184162854
53.0,0.7978369798349898,0.025831585525982328,-21.031594037899595
53.5,0.7755777210683136,0.030757862151030022,-21.04274292725921
54.0,0.7902826250324012,0.03200503926169819,-21.03283460316536
54.5,0.7816584885675782,0.014168149125437733,-21.028963992458298
55.0,0.802267879103761,0.0142287266243487,-21.013732462266493
55.5,0.7808341049036737,0.02388081500625701,-21.036052170669848
56.0,0.8056795364076604,0.00829814043909942,-21.026909802914396
56.5,0.7951538095538458,0.004400171224194812,-21.015490129053543
57.0,0.8105168765180698,0.008215038338046909,-20.999508068147428
57.5,0.7875676611263928,0.014819122330110812,-21.011200695752127
58.0,0.8218036305235695,-0.0022344286556141403,-20.99802329665412
58.5,0.7763741811121386,0.01180653972480856,-20.985879428892968
59.0,0.8125040789767733,0.004003244202521496,-20.974045102659826
59.5,0.7558743066808951,0.044745458271891074,-20.992117553623874
60.0,0.8142718597810966,0.0018661519956170085,-20.99161465613238
60.5,0.8030764554703121,0.01606632244140283,-20.989314928347483
61.0,0.8134236077959067,0.025298247792099052,-20.986966896862207
61.5,0.8099743443393029,0.019871526495725458,-20.986754755459483
62.0,0.7863568001568951,0.049126309287215834,-20.965350860702305
62.5,0.7991646685811383,0.0012874674833116232,-20.955514951184956
63.0,0.809551277841642,0.025496009376591137,-20.987780284460076
63.5,0.7954206510006389,0.04489794627058192,-20.988500372762402
64.0,0.809788578048142,0.030656521799251144,-20.98877356059267
64.5,0.8047932817183256,0.03414418448672186,-20.987428602056617
65.0,0.8108268718973998,0.021134991616404593,-20.98248465942223
65.5,0.7900582486261035,0.02589194155923087,-20.9723092076493
66.0,0.8023077794836855,0.014294990541489336,-20.97253416729501
66.5,0.8010258126179934,0.001046793735722925,-20.975025591487356
67.0,0.8017390959997258,0.016222599584112853,-20.992340301132423
67.5,0.7950112696923354,0.018626598567799326,-20.993830450054983
68.0,0.8056319255032733,0.02482881578947883,-21.00870805406606
68.5,0.7754031578605954,0.03381561304901905,-21.001187677948867
69.0,0.8042577283922056,0.020672796946970454,-21.01173337611672
69.5,0.7878800580677229,0.029592132694898694,-21.024194885122704
70.0,0.803311521473831,0.019528305571572264,-21.029684854383106
70.5,0.7962246378761428,0.0184300107822267,-21.027518846160405
71.0,0.8041711838431331,0.020500335667209917,-21.03212688318017
71.5,0.793044124164805,0.01349495311603843,-21.02935867330152
72.0,0.8080929469659024,0.010470935749290795,-21.031660063287244
72.5,0.7807751629904468,0.029559716874104865,-21.04414739197054
73.0,0.8052635676351122,0.010990234890656326,-21.045785842376816
73.5,0.7962281836301053,0.002731033281591158,-21.036458375267156
74.0,0.7905022176612523,0.021169424306211732,-21.034594188155967
74.5,0.7909349946669016,0.01300474439174535,-21.049278406558773
75.0,0.8044517157422584,0.00456949201301474,-21.04841740328751
75.5,0.7847289511526246,0.014199893774615968,-21.042930739966863
76.0,0.7898782330421829,0.020747107693577366,-21.038300327622355
76.5,0.7907839806258065,0.00680351153330055,-21.04391305920177
77.0,0.7905437863147851,0.01869019657652307,-21.037900173505953
77.5,0.7788871282959099,0.015911594450276262,-21.041204607233706
78.0,0.78719359572007,0.020386586734189686,-21.033069418172733
78.5,0.7809664104133066,0.015180953484364776,-21.041556900237598
79.0,0.7958322988975596,0.01134354363926888,-21.03357358514194
79.5,0.7681210258620889,0.018767134996739824,-21.027769529074174
80.0,0.7980705690979268,0.003969171310803127,-21.015541593994588
80.5,0.7789262749219042,0.015668714686033387,-21.032942683409846
81.0,0.7988809017817419,0.0006544580227131431,-21.0265342111188
81.5,0.7938921348488848,0.002387778547405504,-21.020303999513978
82.0,0.8033431359130829,0.003062029927393627,-21.01166070043419
82.5,0.7979460628623818,-0.025114831871423944,-20.98678954102706
83.0,0.7918351789943326,-0.013034059148805188,-20.962495337698233
83.5,0.789718162258543,-0.021707131723890542,-20.97801139923817
84.0,0.7901139791185129,-0.014670057254849125,-20.97884282681555
84.5,0.7762436306610869,0.009709741338164152,-20.976805544157337
85.0,0.7848779703963746,0.002445743686053387,-20.976970757320835
85.5,0.765320498562455,0.03730106264218065,-20.97512709709597
86.0,0.7804912878661555,0.010007163226732008,-20.973979264727337
86.5,0.7844065144085572,0.019244247310317573,-20.973266749599148
87.0,0.7595726223600862,0.026286597784253376,-20.968491361088596
87.5,0.7787292946888709,0.025973966560427622,-20.98611614379602
88.0,0.7792659413969361,0.024440980665181265,-20.98609050997109
88.5,0.7770423558214689,0.02411693596242521,-20.983533355862974
89.0,0.7799851230100951,0.01155022193736444,-20.975753821821606
89.5,0.7755633177070261,0.013231364484936168,-20.97992947932715
90.0,0.7734842487834015,0.011990734259364274,-20.976418827689663
90.5,0.7743628699978664,0.0033236107210821335,-20.97994364554899
91.0,0.777427015012896,0.012676512461755787,-20.992499852375815
91.5,0.7631886825718812,0.009570763828355955,-20.98142635147161
92.0,0.7695234856401839,0.02026844139955016,-20.995343840651973
92.5,0.7629081033843169,0.021553789270068405,-21.004780514505693
93.0,0.7737354269015005,0.014192888404480235,-21.00964455244182
93.5,0.7684327963530904,0.019939626857214874,-21.012375368804776
94.0,0.7769293553756184,0.015080836761120375,-21.016301867703454
94.5,0.7741068528044479,0.013696956947491774,-21.015870164161818
95.0,0.7793076657532713,0.015162512677435102,-21.019301508378618
95.5,0.7740165866990154,-0.004210081858251056,-21.004199134589147
96.0,0.7768168049490559,0.0031029657314706194,-21.005560039748463
96.5,0.7669302323613584,0.009113986085166666,-21.019413775037407
97.0,0.7656121777785545,0.010244884793788355,-21.019886424666648
97.5,0.7690600811083096,0.009112853226986479,-21.020519327707078
98.0,0.7693332365599351,0.006238781276002899,-21.01942570134273
98.5,0.7692776177919874,0.011741068103173177,-21.018898025881533
99.0,0.770753540025914,-0.007212761969997696,-21.00806027081025
99.5,0.7528150738758623,0.0216654477607722,-21.00364473760217
100.0,0.7651660165211173,0.004470481578488794,-21.017873971487077
100.5,0.7683249858714621,0.0030896234543970175,-21.01595431365908
101.0,0.748350755969189,0.023426099903734666,-21.01352539735818
101.5,0.7577641255423277,0.017142911230180732,-21.01055590707409
102.0,0.7573706135738462,0.015443337460649902,-21.00703972652151
102.5,0.7698965866772249,0.009462230784216253,-21.002090336182224
103.0,0.7632283102617407,-0.001871103750791031,-20.989672361066685
103.5,0.7613765982724803,0.012274431161586413,-20.97972241791077
104.0,0.7558635296328515,0.012704221441124113,-20.995051057215807
104.5,0.7743890469243551,-0.0037437061211910145,-20.99057951574384
105.0,0.7650698156654184,0.007658248074508525,-20.98596669186606
105.5,0.776901301714463,-0.0016349079227607696,-20.981425024016588
106.0,0.775032906028829,0.0029504595625140313,-20.97734624275697
106.5,0.7798131311946453,0.002352819370633927,-20.974076625847392
107.0,0.7801502491195271,0.0063046857574662295,-20.97225606535223
107.5,0.7825784815816135,0.011082770620148686,-20.97157136229091
108.0,0.7837781595399478,0.014198654987902626,-20.972138502804963
108.5,0.7862227933208155,0.020651483733129913,-20.972375199100235
109.0,0.7875547012190761,0.01863246322463583,-20.97327011069779
109.5,0.7864636464570616,0.024128716468169418,-20.969873046874557
110.0,0.7864554939903411,0.013677201840090464,-20.966719704790684
110.5,0.7933199070505089,0.01674926120368928,-20.977155835047803
111.0,0.7872335506979968,0.018974460307556507,-20.975307428901655
111.5,0.7595161710130619,0.021413479591797555,-20.95256579068347
112.0,0.7697703620910131,0.0011274902911623727,-20.943551657446218
112.5,0.7711552819172107,0.00629059779659093,-20.95993135738883
113.0,0.7653753830876083,0.005453808009550442,-20.95518337112332
113.5,0.7697884441755224,0.007681178789888712,-20.96264583143927
114.0,0.7668143542166335,0.008787677489904729,-20.964100498169326
114.5,0.7707790821089434,0.01556383264269006,-20.973763106061313
115.0,0.7570034496454433,0.016243434559822717,-20.968618303197875
115.5,0.7716475688066451,0.011503245392297254,-20.9754731165121
116.0,0.763431254101336,0.015587026659303867,-20.983336412142222
116.5,0.7694634357382785,0.012635300787807243,-20.986792412433665
117.0,0.7675911046834752,0.011236661708291176,-20.986649728243055
117.5,0.7716837629711596,0.012598643748414446,-20.989732467463288
118.0,0.7673862737312223,-0.0034589397715049,-20.977112637760072
118.5,0.7696322070928409,0.002506769557670051,-20.978568137206313
119.0,0.7619255860518312,0.00714680441030115,-20.989867993497082
119.5,0.7599066257186065,0.008982376286469489,-20.990444228786032
120.0,0.7634851956473622,0.007389421522774358,-20.991211875534223
120.5,0.7633779429533258,0.0051545384308248204,-20.990423338821607
121.0,0.7636613862924402,0.009521189671114259,-20.990234712651326
121.5,0.7645940238996285,-0.008642114858915915,-20.979015317006063
122.0,0.7527266591569435,0.01225557599686494,-20.975668981280723
122.5,0.7592057011158166,0.0021483099789498723,-20.987980512577572
123.0,0.7614998894557093,0.0004277965774085985,-20.986629227527576
123.5,0.745831642523234,0.018006211458088384,-20.98492431230556
124.0,0.7541083020067044,0.009322219133742364,-20.982770981494276
124.5,0.7543332107953524,0.01284277355536572,-20.97996856124363
125.0,0.753695974078572,0.008349130646648084,-20.976016783672996
125.5,0.7627382848277355,0.007218540764845042,-20.970303610939037
126.0,0.7514289571554706,0.009599868193963457,-20.972519493379085
126.5,0.7692279818333805,0.000516497722818393,-20.96573571500029
127.0,0.7537630788392536,0.008988064407200933,-20.97148046524265
127.5,0.7693070491998875,0.0009852014410678383,-20.965597723403434
128.0,0.7585327911635391,-0.0023515663578527,-20.960044596102357
128.5,0.7683894784297214,-0.0004676851670039226,-20.953141032556555
129.0,0.7543978903839755,0.007784396202260021,-20.9633469128764
129.5,0.7674085683032222,-0.00023700785512420519,-20.96138447065062
130.0,0.7643813513943103,0.004435501328747787,-20.95946668897665
130.5,0.7684869441809519,0.00807367726680854,-20.957985481904007
131.0,0.7679125115301006,0.0072906874214695595,-20.957918726836077
131.5,0.7661884484522944,0.019277320379956712,-20.954942033513845
132.0,0.766348197943372,0.0054122848484119005,-20.951940835273362
132.5,0.7742916522325518,0.014142477453455659,-20.96217130964283
133.0,0.7657832426234275,0.019649185951559497,-20.96240721894821
133.5,0.7567406872200497,0.02043496865838771,-20.94979571238953
134.0,0.7587801038934257,0.007508230883060682,-20.944416291402575
134.5,0.7646395400513675,0.012485554031452474,-20.959387693268425
135.0,0.759904547925809,0.01614776379556448,-20.958791603210646
135.5,0.7641085262853711,0.008971419376129584,-20.9566169667907
136.0,0.7607663449152482,0.007687263450085139,-20.953941396917838
136.5,0.7645292430944823,0.006387964337728493,-20.95640419022855
137.0,0.7427133457413765,0.00254758646973237,-20.935800610199774
137.5,0.7522781442853833,0.007411187117444878,-20.94836818690596
138.0,0.7490673279488521,0.007155492443223481,-20.955103929690303
138.5,0.7418008518722926,0.015605440678697381,-20.957997425525793
139.0,0.7515292098212039,0.009478915033739793,-20.96198095820616
139.5,0.7445515103617666,0.01330697955489972,-20.961713261532136
140.0,0.7526352395056481,0.010659159535592553,-20.965320645157448
140.5,0.7428142065533361,0.009694296510859655,-20.961610996257992
141.0,0.7523557910692891,0.006840859775817856,-20.964057054640335
141.5,0.7414565266705249,0.014602457772751758,-20.97177498020857
142.0,0.7514742498472755,0.006438626999019432,-20.973311002411716
142.5,0.7486014756902185,0.006994203783083302,-20.97300195373983
143.0,0.7519642020959305,0.0077101647137709055,-20.973969063883033
143.5,0.7503557200018051,-0.014838087597783165,-20.95562409386786
144.0,0.7450243136516719,-0.0021585499742096653,-20.954503232332105
144.5,0.7450045907656275,-0.004744430423876686,-20.964963037785544
145.0,0.7451983048189839,-0.005280442092524966,-20.964514382665737
145.5,0.7356211779303282,0.006843347138407128,-20.964015818909882
146.0,0.7411941612664703,-0.0021777302532589187,-20.962026182125665
146.5,0.7299596320590332,0.014730117480302752,-20.959787616683055
147.0,0.7382293482919757,-0.00408646827045099,-20.957164264931006
147.5,0.7320856643521741,0.009861183542996855,-20.952639977705267
148.0,0.7244094382812503,0.013821418090653997,-20.961937254892337
148.5,0.7313555433519989,0.009535564027638417,-20.95965970526914
149.0,0.7321082834763019,0.006622472362466901,-20.956995671477863
149.5,0.7394005687182533,0.004822536922898658,-20.95297686599156
150.0,0.7341860039806052,-0.010623720989416384,-20.93815515214356
150.5,0.7382152386261048,-0.0054985102534297605,-20.93123838969379
151.0,0.7332140329630193,-0.003706666466585556,-20.942705771069875
151.5,0.7199885438361995,0.01013841147180349,-20.939844434318683
152.0,0.7346670671111726,-0.0010316312507098542,-20.936456502104452
152.5,0.7310472411307303,0.0007135812001918343,-20.933544541113637
153.0,0.7353152628723555,0.004002682103738569,-20.92976245989368
153.5,0.7327594309491184,-0.008806764392539815,-20.920964783983358
154.0,0.7359065861227788,0.005004248939627026,-20.923127710354343
154.5,0.7258549476302981,0.0014840464938631758,-20.922207587474897
155.0,0.7331470437915821,0.008707282431154657,-20.93214554836052
155.5,0.732291345330919,0.013423694835543787,-20.93287369354842
156.0,0.7358664812514661,0.014515062761479553,-20.933477319064504
156.5,0.7371264264196211,0.014637707488242288,-20.934219942369253
157.0,0.7389346812108065,0.015129447490985333,-20.934035190122554
157.5,0.7397396008467936,0.012086449851551313,-20.933435448858855
158.0,0.7273149729356514,0.012401431979056295,-20.922115829708314
158.5,0.7320946625111928,-0.00191327823194132,-20.91393553722228
159.0,0.7328880636122513,0.005610030035185755,-20.928550277057095
159.5,0.7270131415623745,0.007918662981930039,-20.92613968816447
160.0,0.7313889112450761,0.0022939857330844665,-20.92554285958839
