stage,node_index,xi,gamma,x_in,x_out,status,system_rebuilt_at_node,lure_rebuilt_at_node
xi,0,3.09,0.1,"[0.2915793511061912,-0.018437647067552035,0.6264299661927551]","[0.16390552283153095,0.011760245051931944,-0.1402000245613319]",ok,True,True
xi,1,3.08,0.1,"[0.16390552283153095,0.011760245051931944,-0.1402000245613319]","[0.3237398531717766,-0.010114795733257952,0.6723179274552668]",ok,True,True
xi,2,3.07,0.1,"[0.3237398531717766,-0.010114795733257952,0.6723179274552668]","[0.03932572669690407,0.008135809982830181,-0.2226111651305852]",ok,True,True
xi,3,3.06,0.1,"[0.03932572669690407,0.008135809982830181,-0.2226111651305852]","[0.33724618990450306,-0.007036442338956971,0.7206272350505807]",ok,True,True
xi,4,3.05,0.1,"[0.33724618990450306,-0.007036442338956971,0.7206272350505807]","[0.10371786504172029,-0.005351864525303327,-0.16132700932125932]",ok,True,True
xi,5,3.04,0.1,"[0.10371786504172029,-0.005351864525303327,-0.16132700932125932]","[0.3910013006758726,0.016967781904966575,0.6128118653457796]",ok,True,True
xi,6,3.03,0.1,"[0.3910013006758726,0.016967781904966575,0.6128118653457796]","[0.07963646511944547,-0.02137692984161617,-0.06676269878640856]",ok,True,True
xi,7,3.02,0.1,"[0.07963646511944547,-0.02137692984161617,-0.06676269878640856]","[0.3275431256532446,0.026550161227208494,0.12151317649231165]",ok,True,True
xi,8,3.01,0.1,"[0.3275431256532446,0.026550161227208494,0.12151317649231165]","[0.30110806838982007,-0.016537959648646787,0.6525085339926637]",ok,True,True
xi,9,3.0,0.1,"[0.30110806838982007,-0.016537959648646787,0.6525085339926637]","[0.13055890799950706,-0.006440673282484448,-0.12396482885280707]",ok,True,True
xi,10,2.99,0.1,"[0.13055890799950706,-0.006440673282484448,-0.12396482885280707]","[0.39164472098609027,0.019876822352787215,0.5490649092734837]",ok,True,True
xi,11,2.98,0.1,"[0.39164472098609027,0.019876822352787215,0.5490649092734837]","[0.14845455712993488,-0.021267651473140612,0.05689813917977487]",ok,True,True
xi,12,2.97,0.1,"[0.14845455712993488,-0.021267651473140612,0.05689813917977487]","[0.3454394115778452,0.023663578653774005,0.29676291621870643]",ok,True,True
xi,13,2.96,0.1,"[0.3454394115778452,0.023663578653774005,0.29676291621870643]","[0.14977569918944286,-0.02154745530163763,0.06323230635838854]",ok,True,True
xi,14,2.95,0.1,"[0.14977569918944286,-0.02154745530163763,0.06323230635838854]","[0.3880994397783904,0.02573245815682079,0.31073841397675456]",ok,True,True
xi,15,2.94,0.1,"[0.3880994397783904,0.02573245815682079,0.31073841397675456]","[0.16373860249482228,-0.007461602875862714,-0.06901905849733161]",ok,True,True
xi,16,2.93,0.1,"[0.16373860249482228,-0.007461602875862714,-0.06901905849733161]","[0.3110137526411119,-0.013878174308251404,0.6624839893245158]",ok,True,True
xi,17,2.92,0.1,"[0.3110137526411119,-0.013878174308251404,0.6624839893245158]","[0.19840479763075827,0.01820047118884543,-0.08696494612588254]",ok,True,True
xi,18,2.91,0.1,"[0.19840479763075827,0.01820047118884543,-0.08696494612588254]","[0.1447901018402884,-0.025238025900975635,0.10265335412940554]",ok,True,True
xi,19,2.9,0.1,"[0.1447901018402884,-0.025238025900975635,0.10265335412940554]","[0.3500609700968339,-0.002130987615757509,0.7069105518666992]",ok,True,True
xi,20,2.89,0.1,"[0.3500609700968339,-0.002130987615757509,0.7069105518666992]","[0.20908028113283544,0.02005973524331409,0.12706737986166156]",ok,True,True
xi,21,2.88,0.1,"[0.20908028113283544,0.02005973524331409,0.12706737986166156]","[0.35771396216134704,0.014069130255611928,0.44341267337687523]",ok,True,True
xi,22,2.87,0.1,"[0.35771396216134704,0.014069130255611928,0.44341267337687523]","[0.345277217212835,0.0022666333493453314,0.5278134199674774]",ok,True,True
xi,23,2.86,0.1,"[0.345277217212835,0.0022666333493453314,0.5278134199674774]","[0.16187739707592777,-0.025215101706587355,0.14519660592182398]",ok,True,True
xi,24,2.85,0.1,"[0.16187739707592777,-0.025215101706587355,0.14519660592182398]","[0.06822015891476245,0.0168010680406224,-0.12511484029969075]",ok,True,True
gamma,0,2.85,0.10250000000000001,"[0.06822015891476245,0.0168010680406224,-0.12511484029969075]","[0.3259091756323945,-0.005753386335946207,0.530393510730495]",ok,True,True
gamma,1,2.85,0.10500000000000001,"[0.3259091756323945,-0.005753386335946207,0.530393510730495]","[0.2604077690692098,-0.0016265126821122505,0.0549547125677896]",ok,True,True
gamma,2,2.85,0.10750000000000001,"[0.2604077690692098,-0.0016265126821122505,0.0549547125677896]","[0.3032993263291961,0.02276761678166571,-0.012635334380213595]",ok,True,True
gamma,3,2.85,0.11000000000000001,"[0.3032993263291961,0.02276761678166571,-0.012635334380213595]","[0.24278913122388185,0.021381458904200776,-0.08054024076794954]",ok,True,True
gamma,4,2.85,0.11250000000000002,"[0.24278913122388185,0.021381458904200776,-0.08054024076794954]","[0.3946751424580644,0.008961752489042586,0.7588980350708652]",ok,True,True
gamma,5,2.85,0.11500000000000002,"[0.3946751424580644,0.008961752489042586,0.7588980350708652]","[0.34895350331654806,-0.006639642151446822,0.641460552591993]",ok,True,True
gamma,6,2.85,0.11750000000000002,"[0.34895350331654806,-0.006639642151446822,0.641460552591993]","[0.38315099577420236,0.006453545595511706,0.5865970807152739]",ok,True,True
gamma,7,2.85,0.12000000000000002,"[0.38315099577420236,0.006453545595511706,0.5865970807152739]","[0.43907617592434794,0.03371790405365073,0.4811916890081728]",ok,True,True
gamma,8,2.85,0.12250000000000003,"[0.43907617592434794,0.03371790405365073,0.4811916890081728]","[0.4038896741982995,0.012345797408713447,0.640431891037597]",ok,True,True
gamma,9,2.85,0.12500000000000003,"[0.4038896741982995,0.012345797408713447,0.640431891037597]","[0.16983529043691498,-0.031998854538067424,0.13960919436852134]",ok,True,True
gamma,10,2.85,0.12750000000000003,"[0.16983529043691498,-0.031998854538067424,0.13960919436852134]","[0.06169806540542418,-0.023518206707736848,-0.17642503573039436]",ok,True,True
gamma,11,2.85,0.13000000000000003,"[0.06169806540542418,-0.023518206707736848,-0.17642503573039436]","[0.3140410436376593,0.018054838379477488,-0.10981527553425462]",ok,True,True
gamma,12,2.85,0.13250000000000003,"[0.3140410436376593,0.018054838379477488,-0.10981527553425462]","[0.38910401778593384,0.021234527780508144,0.07630975809821333]",ok,True,True
gamma,13,2.85,0.13500000000000004,"[0.38910401778593384,0.021234527780508144,0.07630975809821333]","[0.3661489637364737,-0.013849056544722994,0.8406271500279456]",ok,True,True
gamma,14,2.85,0.13750000000000004,"[0.3661489637364737,-0.013849056544722994,0.8406271500279456]","[0.15292153642361941,-0.01878272046922042,-0.13659258565537583]",ok,True,True
gamma,15,2.85,0.14000000000000004,"[0.15292153642361941,-0.01878272046922042,-0.13659258565537583]","[0.4257133702306892,0.03747882546399287,0.09719657935010162]",ok,True,True
gamma,16,2.85,0.14250000000000004,"[0.4257133702306892,0.03747882546399287,0.09719657935010162]","[0.3786518182411966,-0.014277744876921239,0.9273308204089253]",ok,True,True
gamma,17,2.85,0.14500000000000005,"[0.3786518182411966,-0.014277744876921239,0.9273308204089253]","[0.3323193882899384,-0.028066136080542353,0.7841258759406478]",ok,True,True
gamma,18,2.85,0.14750000000000005,"[0.3323193882899384,-0.028066136080542353,0.7841258759406478]","[0.15661270140260908,-0.036666011766984405,0.05452408950677014]",ok,True,True
gamma,19,2.85,0.14880379839949112,"[0.15661270140260908,-0.036666011766984405,0.05452408950677014]","[0.11646489497311006,0.023538128776528316,-0.23015288111044996]",ok,True,True
gamma,20,2.85,0.15000000000000005,"[0.11646489497311006,0.023538128776528316,-0.23015288111044996]","[0.43091731318699616,0.0037115783274917786,1.0006612151117213]",ok,True,True
gamma,21,2.85,0.15250000000000005,"[0.43091731318699616,0.0037115783274917786,1.0006612151117213]","[0.2990440182402651,-0.03699134152399673,0.6584345223775268]",ok,True,True
gamma,22,2.85,0.15380379839949113,"[0.2990440182402651,-0.03699134152399673,0.6584345223775268]","[0.10410278412123895,-0.021974180416491608,-0.23978493499844467]",ok,True,True
gamma,23,2.85,0.15500000000000005,"[0.10410278412123895,-0.021974180416491608,-0.23978493499844467]","[0.4349503503909017,0.041300076979837404,0.09104673166967524]",ok,True,True
gamma,24,2.85,0.15750000000000006,"[0.4349503503909017,0.041300076979837404,0.09104673166967524]","[0.33463625045454753,-0.03309044528219654,0.8128779798245043]",ok,True,True
gamma,25,2.85,0.1588037983994911,"[0.33463625045454753,-0.03309044528219654,0.8128779798245043]","[0.15205763544452822,0.00842665097312197,-0.35793391742608077]",ok,True,True
